iter,samples_seen,mean_rms_pct,train_bcer_pct
44,100,0.507,7.395
82,200,0.422,5.585
111,300,0.380,4.720
136,400,0.350,4.151
213,700,0.332,4.019
232,800,0.320,3.791
259,900,0.314,3.710
278,1000,0.314,3.703
290,1100,0.282,3.131
304,1200,0.269,2.925
315,1300,0.259,2.750
355,1500,0.243,2.335
365,1600,0.231,2.117
374,1700,0.225,2.011
416,2000,0.207,1.881
433,2200,0.198,1.789
523,2900,0.179,1.763
529,3000,0.177,1.728
535,3100,0.172,1.562
560,3300,0.167,1.550
563,3400,0.159,1.445
567,3500,0.156,1.407
599,3800,0.153,1.253
604,3900,0.150,1.229
606,4000,0.147,1.189
